District,Representative,Party,Prior experience,Education,Assumed office,Residence,Born
Alabama 1,"Byrne, BradleyBradley Byrne",,Republican,"Alabama Senate, Alabama State Board of Education","Duke University
 University of Alabama",2013,Fairhope,1955
Alabama 2,"Roby, MarthaMartha Roby",,Republican,Montgomery City Council,"New York University
 Cumberland School of Law",2011,Montgomery,1976
Alabama 3,"Rogers, MikeMike Rogers",,Republican,"Calhoun County Commissioner, Alabama House of Representatives","Jacksonville State University
 Birmingham School of Law",2003,Saks,1958
Alabama 4,"Aderholt, RobertRobert Aderholt",,Republican,Haleyville Municipal Judge,"Birmingham–Southern College
 Samford University",1997,Haleyville,1965
Alabama 5,"Brooks, MoMo Brooks",,Republican,"Alabama House of Representatives, Madison County Commissioner","Duke University
 University of Alabama",2011,Huntsville,1954
Alabama 6,"Palmer, GaryGary Palmer",,Republican,Policy analyst,University of Alabama,2015,Hoover,1954
Alabama 7,"Sewell, TerriTerri Sewell",,Democratic,Attorney,"Princeton University
 Harvard Law School
 University of Oxford",2011,Birmingham,1965
Alaska At Large,"Young, DonDon Young",,Republican,"Alaska Senate, Ship captain, Mayor of Fort Yukon, Alaska","California State University, Chico",1973*,Fort Yukon,1933
Arizona 1,"O'Halleran, TomTom O'Halleran",,Democratic,Arizona Senate,"Lewis University
 DePaul University",2017,Sedona,1946
Arizona 2,"McSally, MarthaMartha McSally",,Republican,USAF Colonel,United States Air Force Academy,2015,Tucson,1966
Arizona 3,"Grijalva, RaúlRaúl Grijalva",,Democratic,Pima County Board of Supervisors,University of Arizona,2003,Tucson,1948
Arizona 4,"Gosar, PaulPaul Gosar",,Republican,President of the Northern Arizona Dental Society,"Creighton University
 Creighton University School of Dentistry",2011,Prescott,1958
Arizona 5,"Biggs, AndyAndy Biggs",,Republican,Arizona Senate,"Arizona State University
 Brigham Young University, University of Arizona",2017,Gilbert,1958
Arizona 6,"Schweikert, DavidDavid Schweikert",,Republican,"Arizona House of Representatives, Arizona Board of Education, Arizona Board of Equalization, Maricopa County Treasurer",Arizona State University,2011,Scottsdale,1962
Arizona 7,"Gallego, RubenRuben Gallego",,Democratic,Arizona House of Representatives,Harvard University,2015,Phoenix,1979
Arizona 8,Vacant,,,,,,,
Arizona 9,"Sinema, KyrstenKyrsten Sinema",,Democratic,"Arizona Senate, Arizona House of Representatives","Brigham Young University
 Arizona State University",2013,Phoenix,1976
Arkansas 1,"Crawford, RickRick Crawford",,Republican,"Broadcaster, Businessman",Arkansas State University,2011,Jonesboro,1966
Arkansas 2,"Hill, FrenchFrench Hill",,Republican,Businessman,"Vanderbilt University
 UCLA Anderson School of Management",2015,Little Rock,1956
Arkansas 3,"Womack, SteveSteve Womack",,Republican,"Mayor of Rogers, Arkansas",Arkansas Tech University,2011,Rogers,1957
Arkansas 4,"Westerman, BruceBruce Westerman",,Republican,Arkansas House of Representatives,"University of Arkansas
 Yale University",2015,Hot Springs,1967
California 1,"LaMalfa, DougDoug LaMalfa",,Republican,"California State Senate, California State Assembly",California Polytechnic State University,2013,Richvale,1960
California 2,"Huffman, JaredJared Huffman",,Democratic,California State Assembly,"University of California, Santa Barbara
 Boston College Law School",2013,San Rafael,1964
California 3,"Garamendi, JohnJohn Garamendi",,Democratic,"Lieutenant Governor of California, United States Deputy Secretary of the Interior, California Insurance Commissioner, California State Senate, California State Assembly","University of California, Berkeley
 Harvard Business School",2009*,Walnut Grove,1945
California 4,"McClintock, TomTom McClintock",,Republican,"California Senate, California State Assembly","University of California, Los Angeles",2009,Elk Grove,1956
California 5,"Thompson, MikeMike Thompson",,Democratic,California State Senate,"California State University, Chico",1999,St. Helena,1951
California 6,"Matsui, DorisDoris Matsui",,Democratic,"Sacramento, California City Council","University of California, Berkeley",2005*,Sacramento,1944
California 7,"Bera, AmiAmi Bera",,Democratic,"Chief Medical Officer of Sacramento County, California","University of California, Irvine",2013,Elk Grove,1965
California 8,"Cook, PaulPaul Cook",,Republican,California State Assembly,"Southern Connecticut State University
 California State University, San Bernardino
 University of California, Riverside",2013,Yucca Valley,1943
California 9,"McNerney, JerryJerry McNerney",,Democratic,Engineering executive,University of New Mexico,2007,Stockton,1951
California 10,"Denham, JeffJeff Denham",,Republican,California State Senate,California Polytechnic State University,2011,Atwater,1967
California 11,"DeSaulnier, MarkMark DeSaulnier",,Democratic,"California State Senate, California State Assembly, Contra Costa County Board of Supervisors",College of the Holy Cross,2015,Concord,1952
California 12,"Pelosi, NancyNancy Pelosi",,Democratic,"Current House Minority Leader
 Northern California Democratic Party Chairwoman",Trinity Washington University,1987*,San Francisco,1940
California 13,"Lee, BarbaraBarbara Lee",,Democratic,California State Assembly,"Mills College
 University of California, Berkeley",1998*,Oakland,1946
California 14,"Speier, JackieJackie Speier",,Democratic,"California State Senate, California State Assembly, San Mateo County Board of Supervisors","University of California, Davis
 UC, Hastings Law",2008*,Hillsborough,1950
California 15,"Swalwell, EricEric Swalwell",,Democratic,Dublin City Council,"University of Maryland, College Park
 University of Maryland School of Law",2013,Dublin,1980
California 16,"Costa, JimJim Costa",,Democratic,"California State Senate, California State Assembly","California State University, Fresno",2005,Fresno,1952
California 17,"Khanna, RoRo Khanna",,Democratic,"Lawyer, author, educator","University of Chicago, Yale Law School",2017,Fremont,1976
California 18,"Eshoo, AnnaAnna Eshoo",,Democratic,San Mateo County Board of Supervisors,"Cañada College
 Menlo College",1993,Atherton,1942
California 19,"Lofgren, ZoeZoe Lofgren",,Democratic,Santa Clara County Board of Supervisors,"Stanford University
 Santa Clara University",1995,San Jose,1947
California 20,"Panetta, JimmyJimmy Panetta",,Democratic,Deputy district attorney of Monterey County,"Monterey Peninsula College
 Santa Clara University
 University of California, Davis",2017,Carmel Valley,1969
California 21,"Valadao, DavidDavid Valadao",,Republican,California State Assembly,College of the Sequoias,2013,Hanford,1977
California 22,"Nunes, DevinDevin Nunes",,Republican,California State Director for the United States Department of Agriculture's Rural Development Section,"College of the Sequoias
 Cal Poly University, San Luis Obispo",2003,Tulare,1973
California 23,"McCarthy, KevinKevin McCarthy",,Republican,"Current House Majority Leader
 California State Assembly","California State University, Bakersfield",2007,Bakersfield,1965
California 24,"Carbajal, SaludSalud Carbajal",,Democratic,"Santa Barbara County, California Board of Supervisors","Fielding Graduate University
 University of California, Santa Barbara",2017,Santa Barbara,1964
California 25,"Knight, SteveSteve Knight",,Republican,"California State Senate, California State Assembly, Palmdale City Council",Antelope Valley College,2015,Palmdale,1966
California 26,"Brownley, JuliaJulia Brownley",,Democratic,California State Assembly,"George Washington University
 American University",2013,Oak Park,1952
California 27,"Chu, JudyJudy Chu",,Democratic,"Mayor of Monterey Park, Monterey Park City Council, California State Assembly, California State Board of Equalization","University of California, Los Angeles",2009*,Monterey Park,1953
California 28,"Schiff, AdamAdam Schiff",,Democratic,"California State Senate, Assistant Prosecutor for the United States Attorney for the Southern District of California","Stanford University
 Harvard University",2001,Burbank,1960
California 29,"Cárdenas, TonyTony Cárdenas",,Democratic,Los Angeles City Council,"University of California, Santa Barbara",2013,San Fernando Valley,1963
California 30,"Sherman, BradBrad Sherman",,Democratic,California Board of Equalization,"University of California, Los Angeles
 Harvard Law School",1997,Sherman Oaks,1954
California 31,"Aguilar, PetePete Aguilar",,Democratic,Mayor of Redlands,University of Redlands,2015,Fontana,1979
California 32,"Napolitano, GraceGrace Napolitano",,Democratic,California State Assembly,Texas Southmost College,1999,Norwalk,1936
California 33,"Lieu, TedTed Lieu",,Democratic,"California State Senate, California State Assembly","Stanford University
 Georgetown University",2015,Torrance,1969
California 34,"Gomez, JimmyJimmy Gomez",,Democratic,California State Assembly,"UCLA
 Harvard University",2017*,Los Angeles,1974
California 35,"Torres, NormaNorma Torres",,Democratic,"California State Senate, California State Assembly, Mayor of Pomona",National Labor College,2015,Pomona,1965
California 36,"Ruiz, RaulRaul Ruiz",,Democratic,Emergency physician,"University of California, Los Angeles
 Harvard University",2013,Palm Desert,1972
California 37,"Bass, KarenKaren Bass",,Democratic,Speaker of the California State Assembly,"California State University, Dominguez Hills",2011,Baldwin Hills,1953
California 38,"Sánchez, LindaLinda Sánchez",,Democratic,Attorney,"University of California, Berkeley
 University of California, Los Angeles",2003,Orange,1969
California 39,"Royce, EdEd Royce",,Republican,California State Senate,"California State University, Fullerton",1993,Fullerton,1951
California 40,"Roybal-Allard, LucilleLucille Roybal-Allard",,Democratic,public relations executive,"California State University, Los Angeles",1993,Downey,1941
California 41,"Takano, MarkMark Takano",,Democratic,Teacher,Harvard University,2013,Riverside,1960
California 42,"Calvert, KenKen Calvert",,Republican,Real Estate Executive,"Chaffey College
 San Diego State University",1993,Corona,1953
California 43,"Waters, MaxineMaxine Waters",,Democratic,California State Assembly,"California State University, Los Angeles",1991,Inglewood,1938
California 44,"Barragán, NanetteNanette Barragán",,Democratic,Hermosa Beach City Council,"University of California, Los Angeles, University of Southern California",2017,San Pedro,1976
California 45,"Walters, MimiMimi Walters",,Republican,"California State Senate, California State Assembly, Mayor of Laguna Niguel","University of California, Los Angeles",2015,Laguna Niguel,1962
California 46,"Correa, LouLou Correa",,Democratic,"California State Senate, Orange County Board of Supervisors, California State Assembly","University of California, Los Angeles
 California State University, Fullerton",2017,Santa Ana,1958
California 47,"Lowenthal, AlanAlan Lowenthal",,Democratic,"California State Senate, California State Assembly","Ohio State University|
 Hobart College",2013,Long Beach,1941
California 48,"Rohrabacher, DanaDana Rohrabacher",,Republican,Special assistant to President Reagan,"California State University, Long Beach
 University of Southern California",1989,Costa Mesa,1947
California 49,"Issa, DarrellDarrell Issa",,Republican,Electronics executive,Kent State University,2001,Vista,1953
California 50,"Hunter, Duncan D.Duncan D. Hunter",,Republican,"Military officer, businessman",San Diego State University,2009,Lakeside,1976
California 51,"Vargas, JuanJuan Vargas",,Democratic,"California State Senate, California State Assembly, San Diego City Council","Harvard Law School
 Fordham University
 University of San Diego",2013,Golden Hill,1961
California 52,"Peters, ScottScott Peters",,Democratic,"San Diego City Council, San Diego Port Commission","Duke University
 New York University School of Law",2013,La Jolla,1958
California 53,"Davis, SusanSusan Davis",,Democratic,"California State Assembly, San Diego School Board","University of California, Berkeley
 University of North Carolina at Chapel Hill",2001,San Diego,1944
Colorado 1,"DeGette, DianaDiana DeGette",,Democratic,Colorado House of Representatives,Colorado College,1997,Denver,1957
Colorado 2,"Polis, JaredJared Polis",,Democratic,"Colorado State Board of Education, Internet Executive",Princeton University,2009,Boulder,1975
Colorado 3,"Tipton, ScottScott Tipton",,Republican,Colorado House of Representatives,Fort Lewis College,2011,Cortez,1956
Colorado 4,"Buck, KenKen Buck",,Republican,"Weld County District Attorney, Prosecutor U.S. Attorney's Office","Princeton University
 University of Wyoming",2015,Greeley,1959
Colorado 5,"Lamborn, DougDoug Lamborn",,Republican,"President pro tempore of the Colorado Senate, Colorado House of Representatives",University of Kansas,2007,Colorado Springs,1954
Colorado 6,"Coffman, MikeMike Coffman",,Republican,"Secretary of State of Colorado, Colorado State Treasurer, Colorado Senate, Colorado House of Representatives",University of Colorado,2009,Aurora,1955
Colorado 7,"Perlmutter, EdEd Perlmutter",,Democratic,Colorado Senate,University of Colorado,2007,Lakewood,1953
Connecticut 1,"Larson, John B.John B. Larson",,Democratic,"Connecticut Senate, East Hartford, Connecticut City Council, East Hartford, Connecticut Board of Education",Central Connecticut State University,1999,East Hartford,1948
Connecticut 2,"Courtney, JoeJoe Courtney",,Democratic,Connecticut House of Representatives,Tufts University,2007,Vernon,1953
Connecticut 3,"DeLauro, RosaRosa DeLauro",,Democratic,"Executive Director of EMILY's List, Political aide",Marymount College,1991,New Haven,1943
Connecticut 4,"Himes, JimJim Himes",,Democratic,"Financial executive, Greenwich Housing Authority Board","Harvard University
 University of Oxford",2009,Cos Cob,1966
Connecticut 5,"Esty, ElizabethElizabeth Esty",,Democratic,Connecticut House of Representatives,"Harvard University
 Yale University",2013,Cheshire,1959
Delaware At Large,"Blunt Rochester, LisaLisa Blunt Rochester",,Democratic,"Delaware Labor Secretary, Delaware Personnel Director","Fairleigh Dickinson University
 University of Delaware",2017,Wilmington,1962
Florida 1,"Gaetz, MattMatt Gaetz",,Republican,Florida House of Representatives,"Florida State University
 College of William & Mary",2017,Fort Walton Beach,1982
Florida 2,"Dunn, NealNeal Dunn",,Republican,Surgeon,"Washington & Lee University
 George Washington University School of Medicine & Health Sciences",2017,Panama City,1953
Florida 3,"Yoho, TedTed Yoho",,Republican,Veterinarian,University of Florida,2013,Gainesville,1955
Florida 4,"Rutherford, JohnJohn Rutherford",,Republican,Sheriff of Jacksonville,"Florida State University
 FBI Academy",2017,Jacksonville,1952
Florida 5,"Lawson, AlAl Lawson",,Democratic,Florida Senate,Florida A&M University,2017,Tallahassee,1948
Florida 6,"DeSantis, RonRon DeSantis",,Republican,"Prosecutor U.S. Attorney's Office, U.S. Navy","Yale University
 Harvard Law School",2013,Palm Beach,1978
Florida 7,"Murphy, StephanieStephanie Murphy",,Democratic,"Advisor, educator","College of William & Mary
 Georgetown University",2017,Winter Park,1978
Florida 8,"Posey, BillBill Posey",,Republican,"Florida Senate, Florida House of Representatives, Rockledge, Florida City Council",Nova Southeastern University,2009,Rockledge,1947
Florida 9,"Soto, DarrenDarren Soto",,Democratic,"Florida Senate, Florida House of Representatives","Rutgers University
 George Washington University",2017,Orlando,1978
Florida 10,"Demings, ValVal Demings",,Democratic,Chief of the Orlando Police Department,Florida State University,2017,Orlando,1957
Florida 11,"Webster, DanielDaniel Webster",,Republican,Florida SenateSpeaker of Florida House of Representatives,Georgia Institute of Technology,2011,Winter Garden,1949
Florida 12,"Bilirakis, GusGus Bilirakis",,Republican,Florida House of Representatives,"University of Florida
 Stetson University College of Law",2007,Palm Harbor,1963
Florida 13,"Crist, CharlieCharlie Crist",,Democratic,"Governor of Florida, Attorney General of Florida, Education Commissioner of Florida, Florida Senate","Wake Forest University
 Florida State University
 Samford University",2017,St. Petersburg,1956
Florida 14,"Castor, KathyKathy Castor",,Democratic,"Assistant General Counsel to the Florida Department of Community Affairs, President of the Florida Association of Women Lawyers, Hillsborough County, Florida Board of Commissioners",Emory University,2007,Tampa,1966
Florida 15,"Ross, DennisDennis Ross",,Republican,Florida House of Representatives,"Auburn University
 Cumberland School of Law",2011,Lakeland,1959
Florida 16,"Buchanan, VernVern Buchanan",,Republican,Auto Dealer,Cleary University,2007,Longboat Key,1951
Florida 17,"Rooney, TomTom Rooney",,Republican,"Criminal Prosecutor Florida Department of Justice, Attorney","Washington & Jefferson College
 University of Florida",2009,Okeechobee,1970
Florida 18,"Mast, BrianBrian Mast",,Republican,U.S. Army Soldier,Harvard Extension School,2017,Hutchinson Island,1980
Florida 19,"Rooney, FrancisFrancis Rooney",,Republican,United States Ambassador to the Holy See,Georgetown University,2017,Naples,1953
Florida 20,"Hastings, AlceeAlcee Hastings",,Democratic,Judge of the United States District Court for the Southern District of Florida,Fisk University,1993,Miramar,1936
Florida 21,"Frankel, LoisLois Frankel",,Democratic,"Mayor of West Palm Beach, Florida House of Representatives","Boston University
 Georgetown University Law Center",2013,West Palm Beach,1948
Florida 22,"Deutch, TedTed Deutch",,Democratic,Florida Senate,"University of Michigan
 University of Michigan Law School",2010*,Boca Raton,1966
Florida 23,"Wasserman Schultz, DebbieDebbie Wasserman Schultz",,Democratic,"Florida Senate, Florida House of Representatives, Chairperson of the Democratic National Committee",University of Florida,2005,Weston,1966
Florida 24,"Wilson, FredericaFrederica Wilson",,Democratic,"Florida Senate, Florida House of Representatives, Miami-Dade County Public Schools Board","Fisk University
 University of Miami",2011,Miami Gardens,1942
Florida 25,"Díaz-Balart, MarioMario Díaz-Balart",,Republican,"Florida Senate, Florida House of Representatives",University of South Florida,2003,Miami,1961
Florida 26,"Curbelo, CarlosCarlos Curbelo",,Republican,"Public administrator, Miami-Dade County Public Schools Board",University of Miami,2015,Kendall,1980
Florida 27,"Ros-Lehtinen, IleanaIleana Ros-Lehtinen",,Republican,"Florida Senate, Florida House of Representatives","Florida International University
 University of Miami",1989*,Miami,1952
Georgia 1,"Carter, BuddyBuddy Carter",,Republican,"Georgia State Senate, Georgia House of Representatives, Mayor of Pooler","Young Harris College
 University of Georgia",2015,Pooler,1957
Georgia 2,"Bishop, SanfordSanford Bishop",,Democratic,"Georgia State Senate, Georgia House of Representatives",Morehouse College,1993,Albany,1947
Georgia 3,"Ferguson, DrewDrew Ferguson",,Republican,"Mayor of West Point, Georgia","University of Georgia
 Medical College of Georgia",2017,West Point,1966
Georgia 4,"Johnson, HankHank Johnson",,Democratic,"DeKalb County, Georgia Commissioner, Associate Magistrate Judge",Clark Atlanta University,2007,Lithonia,1954
Georgia 5,"Lewis, JohnJohn Lewis",,Democratic,"Atlanta City Council, Chairman of the Student Nonviolent Coordinating Committee","American Baptist Theological Seminary
 Fisk University",1987,Atlanta,1940
Georgia 6,"Handel, KarenKaren Handel",,Republican,"businesswoman, non-profit executive, Secretary of State of Georgia","Prince George's Community College
 University of Maryland University College",2017*,Roswell,1962
Georgia 7,"Woodall, RobRob Woodall",,Republican,"Political aide, Attorney","Furman University
 University of Georgia",2011,Peachtree Corners,1970
Georgia 8,"Scott, AustinAustin Scott",,Republican,Georgia House of Representatives,University of Georgia,2011,Tifton,1969
Georgia 9,"Collins, DougDoug Collins",,Republican,Georgia House of Representatives,"North Georgia College
 New Orleans Baptist Theological Seminary",2013,Gainesville,1966
Georgia 10,"Hice, JodyJody Hice",,Republican,"Radio show host, Southern Baptist pastor","Asbury University
 Southwestern Baptist Theological Seminary
 Luther Rice Seminary",2015,Bethlehem,1960
Georgia 11,"Loudermilk, BarryBarry Loudermilk",,Republican,"Georgia State Senate, Georgia House of Representatives","U.S. Air Force Community College
 Wayland Baptist University",2015,Cassville,1963
Georgia 12,"Allen, Rick W.Rick W. Allen",,Republican,Businessman,Auburn University,2015,Augusta,1951
Georgia 13,"Scott, DavidDavid Scott",,Democratic,"Georgia State Senate, Georgia House of Representatives",Florida A&M University,2003,Atlanta,1945
Georgia 14,"Graves, TomTom Graves",,Republican,"Georgia House of Representatives,",University of Georgia,2010*,Ranger,1970
Hawaii 1,"Hanabusa, ColleenColleen Hanabusa",,Democratic,Hawaii Senate,University of Hawaii at Manoa,2016*,Honolulu,1951
Hawaii 2,"Gabbard, TulsiTulsi Gabbard",,Democratic,"Honolulu City Council, Hawaii House of Representatives","Hawaii Pacific University
 Officer Candidate School",2013,"West Oahu, Honolulu",1981
Idaho 1,"Labrador, RaúlRaúl Labrador",,Republican,Idaho House of Representatives,"Brigham Young University
 University of Washington",2011,Eagle,1967
Idaho 2,"Simpson, MikeMike Simpson",,Republican,"Speaker of the Idaho House of Representatives, Blackfoot, Idaho City Council",Utah State University,1999,Idaho Falls,1950
Illinois 1,"Rush, BobbyBobby Rush",,Democratic,Chicago City Council,"Roosevelt University
 University of Illinois
 McCormick Theological Seminary",1993,Englewood,1946
Illinois 2,"Kelly, RobinRobin Kelly",,Democratic,"Illinois House of Representatives, Chief of Staff to the Illinois Treasurer, Chief Administrative Officer to the Cook County President","Bradley University
 Northern Illinois University",2013*,Matteson,1956
Illinois 3,"Lipinski, DanDan Lipinski",,Democratic,Member of the University of Notre Dame and University of Tennessee Faculty,"Northwestern University
 Stanford University
 Duke University",2005,Western Springs,1966
Illinois 4,"Gutiérrez, LuisLuis Gutiérrez",,Democratic,Chicago City Council,Northeastern Illinois University,1993,Lincoln Park,1953
Illinois 5,"Quigley, MikeMike Quigley",,Democratic,Cook County Board of Commissioners,"Roosevelt University
 Loyola University Chicago School of Law
 University of Chicago",2009*,Lincoln Park,1958
Illinois 6,"Roskam, PeterPeter Roskam",,Republican,"Illinois Senate, Illinois House of Representatives","University of Illinois
 Chicago–Kent College of Law",2007,Arlington Heights,1961
Illinois 7,"Davis, Danny K.Danny K. Davis",,Democratic,"Chicago City Council, Cook County Board of Commissioners","University of Arkansas at Pine Bluff
 Chicago State University
 Union Institute and University",1997,Austin,1941
Illinois 8,"Krishnamoorthi, RajaRaja Krishnamoorthi",,Democratic,"Public Servant, Lawyer","Princeton University
 Harvard Law School",2017,Schaumburg,1973
Illinois 9,"Schakowsky, JanJan Schakowsky",,Democratic,Illinois House of Representatives,University of Illinois,1999,Evanston,1944
Illinois 10,"Schneider, BradBrad Schneider",,Democratic,U.S. House,Northwestern University,2017,Deerfield,1961
Illinois 11,"Foster, BillBill Foster",,Democratic,U.S. House,"University of Wisconsin–Madison
 Harvard University",2013,Naperville,1955
Illinois 12,"Bost, MikeMike Bost",,Republican,Illinois House of Representatives,University of Illinois,2015,Murphysboro,1960
Illinois 13,"Davis, RodneyRodney Davis",,Republican,Congressional Staffer,Millikin University,2013,Taylorville,1970
Illinois 14,"Hultgren, RandyRandy Hultgren",,Republican,"Illinois Senate, Illinois House of Representatives, DuPage County, Illinois Board of Commissioners","Bethel University
 Chicago-Kent College of Law",2011,Plano,1966
Illinois 15,"Shimkus, JohnJohn Shimkus",,Republican,"Madison County, Illinois Treasurer","United States Military Academy
 Southern Illinois University",1997,Collinsville,1958
Illinois 16,"Kinzinger, AdamAdam Kinzinger",,Republican,"McLean County, Illinois Board of Commissioners",Illinois State University,2011,Rockford,1978
Illinois 17,"Bustos, CheriCheri Bustos",,Democratic,East Moline City Council,"University of Maryland
 University of Illinois at Springfield",2013,East Moline,1961
Illinois 18,"LaHood, DarinDarin LaHood",,Republican,"Illinois Senate, Prosecutor U.S. Attorney's Office, Deputy Prosecutor Tazewell County, Illinois","John Marshall Law School
 Loras College",2015*,Dunlap,1968
Indiana 1,"Visclosky, PetePete Visclosky",,Democratic,"Attorney, Congressional aide","Indiana University Northwest
 University of Notre Dame
 Georgetown University",1985,Merrillville,1949
Indiana 2,"Walorski, JackieJackie Walorski",,Republican,Indiana House of Representatives,"Liberty Baptist College
 Taylor University",2013,Jimtown,1963
Indiana 3,"Banks, JimJim Banks",,Republican,Indiana Senate,"Indiana University Bloomington
 Grace College & Seminary",2017,Columbia City,1979
Indiana 4,"Rokita, ToddTodd Rokita",,Republican,Indiana Secretary of State,"Wabash College
 Indiana University Robert H. McKinney School of Law",2011,Brownsburg,1970
Indiana 5,"Brooks, SusanSusan Brooks",,Republican,"U.S. Attorney for Southern Indiana, Deputy Mayor of Indianapolis","Miami University
 Indiana University Robert H. McKinney School of Law",2013,Carmel,1960
Indiana 6,"Messer, LukeLuke Messer",,Republican,Indiana House of Representatives,"Wabash College
 Vanderbilt University Law School",2013,Shelbyville,1969
Indiana 7,"Carson, AndréAndré Carson",,Democratic,Indianapolis City-County Council,"Concordia University Wisconsin
 Indiana Wesleyan University",2008*,"Center Township, Marion County",1974
Indiana 8,"Bucshon, LarryLarry Bucshon",,Republican,Heart Surgeon,"University of Illinois at Urbana-Champaign
 University of Illinois Medical School",2011,Newburgh,1962
Indiana 9,"Hollingsworth, TreyTrey Hollingsworth",,Republican,CEO of Hollingsworth Capital Partners,"Georgetown University
 University of Pennsylvania",2017,Jeffersonville,1983
Iowa 1,"Blum, RodRod Blum",,Republican,Businessman,"Loras College
 University of Dubuque",2015,Dubuque,1955
Iowa 2,"Loebsack, DaveDave Loebsack",,Democratic,Professor,Iowa State University,2007,Iowa City,1952
Iowa 3,"Young, DavidDavid Young",,Republican,Congressional aide,Drake University,2015,Van Meter,1968
Iowa 4,"King, SteveSteve King",,Republican,Iowa Senate,Northwest Missouri State University,2003,Kiron,1949
Kansas 1,"Marshall, RogerRoger Marshall",,Republican,Obstetrician,"University of Kansas
 Kansas State University",2017,Great Bend,1960
Kansas 2,"Jenkins, LynnLynn Jenkins",,Republican,"Kansas State Treasurer, Kansas Senate, Kansas House of Representatives","Kansas State University
 Weber State College",2009,Topeka,1963
Kansas 3,"Yoder, KevinKevin Yoder",,Republican,Kansas House of Representatives,"University of Kansas
 University of Kansas Law School",2011,Overland Park,1976
Kansas 4,"Estes, RonRon Estes",,Republican,Kansas State Treasurer,Tennessee Technological University,2017*,Wichita,1956
Kentucky 1,"Comer, JamesJames Comer",,Republican,"Kentucky House of Representatives, Agriculture Commissioner of Kentucky",Western Kentucky University,2016*,Tompkinsville,1972
Kentucky 2,"Guthrie, BrettBrett Guthrie",,Republican,Kentucky Senate,"United States Military Academy
 Yale University",2009,Bowling Green,1964
Kentucky 3,"Yarmuth, JohnJohn Yarmuth",,Democratic,"Newspaper Publisher, Vice-President for University Relations University of Louisville",Yale University,2007,Louisville,1947
Kentucky 4,"Massie, ThomasThomas Massie",,Republican,"Judge-Executive of Lewis County, Kentucky",Massachusetts Institute of Technology,2012*,Garrison,1971
Kentucky 5,"Rogers, HalHal Rogers",,Republican,"Commonwealth's Attorney for Pulaski and Rockcastle County, Kentucky",University of Kentucky,1981,Mount Vernon,1937
Kentucky 6,"Barr, AndyAndy Barr",,Republican,Attorney,"University of Virginia
 University of Kentucky College of Law",2013,Lexington,1973
Louisiana 1,"Scalise, SteveSteve Scalise",,Republican,"Current House Majority Whip
 Louisiana State Senate, Louisiana House of Representatives",Louisiana State University,2008*,Jefferson,1965
Louisiana 2,"Richmond, CedricCedric Richmond",,Democratic,Louisiana House of Representatives,"Morehouse College
 Tulane School of Law",2011,New Orleans,1973
Louisiana 3,"Higgins, ClayClay Higgins",,Republican,"Reserve Deputy Marshal of Lafayette, Louisiana",Louisiana State University,2017,Port Barre,1961
Louisiana 4,"Johnson, MikeMike Johnson",,Republican,Louisiana House of Representatives,Louisiana State University,2017,Benton,1972
Louisiana 5,"Abraham, RalphRalph Abraham",,Republican,Physician,"Louisiana State University
 Louisiana State University School of Medicine",2015,Mangham,1954
Louisiana 6,"Graves, GarretGarret Graves",,Republican,Louisiana Coastal Protection and Restoration Authority,"University of Alabama
 Louisiana Tech University
 American University",2015,Baton Rouge,1972
Maine 1,"Pingree, ChellieChellie Pingree",,Democratic,"Majority Leader Maine State Senate, President Common Cause",College of the Atlantic,2009,North Haven,1955
Maine 2,"Poliquin, BruceBruce Poliquin",,Republican,Maine State Treasurer,Harvard University,2015,Waterville,1953
Maryland 1,"Harris, AndyAndy Harris",,Republican,"Maryland State Senate, Anesthesiologist",Johns Hopkins University,2011,Cockeysville,1957
Maryland 2,"Ruppersberger, DutchDutch Ruppersberger",,Democratic,Baltimore County Executive; Chief of the Office of Investigative Division for Maryland's Department of Justice; Baltimore County Assistant State's Attorney,"University of Maryland
 University of Baltimore",2003,Baltimore,1946
Maryland 3,"Sarbanes, JohnJohn Sarbanes",,Democratic,"Attorney, Law Clerk","Princeton University
 Harvard Law School",2007,Towson,1962
Maryland 4,"Brown, Anthony G.Anthony G. Brown",,Democratic,"Lieutenant Governor of Maryland, Maryland House of Delegates",Harvard University,2017,Lanham,1961
Maryland 5,"Hoyer, StenySteny Hoyer",,Democratic,"Current House Minority Whip
 President of the Maryland State Senate, Maryland Board of Higher Education","University of Maryland
 Georgetown University",1981*,Mechanicsville,1939
Maryland 6,"Delaney, JohnJohn Delaney",,Democratic,Businessman,"Columbia University
 Georgetown University Law Center",2013,"Hagerstown, Frederick",1963
Maryland 7,"Cummings, ElijahElijah Cummings",,Democratic,Speaker pro tempore of the Maryland House of Delegates,"Howard University
 University of Maryland",1996*,Baltimore,1951
Maryland 8,"Raskin, JamieJamie Raskin",,Democratic,Maryland State Senate Majority Whip,"Harvard University
 Harvard Law School",2017,Takoma Park,1962
Massachusetts 1,"Neal, RichardRichard Neal",,Democratic,Mayor of Springfield,"American International College
 University of Hartford",1989,Springfield,1949
Massachusetts 2,"McGovern, JimJim McGovern",,Democratic,Congressional staff member,American University,1997,Worcester,1959
Massachusetts 3,"Tsongas, NikiNiki Tsongas",,Democratic,Dean of External Affairs at Middlesex Community College,"Smith College
 Boston University",2007*,Lowell,1946
Massachusetts 4,"Kennedy, JoeJoe Kennedy",,Democratic,"Prosecutor, assistant district attorney","Stanford University
 Harvard University",2013,Brookline,1980
Massachusetts 5,"Clark, KatherineKatherine Clark",,Democratic,"Massachusetts Senate, Massachusetts House of Representatives, Attorney","St. Lawrence University
 Cornell University
 Harvard University",2013*,Melrose,1963
Massachusetts 6,"Moulton, SethSeth Moulton",,Democratic,"Businessman, Activist, U.S. Marine Corps Captain",Harvard University,2015,Salem,1978
Massachusetts 7,"Capuano, MikeMike Capuano",,Democratic,Mayor of Somerville,"Dartmouth College
 Boston College Law School",1999,Somerville,1952
Massachusetts 8,"Lynch, Stephen F.Stephen F. Lynch",,Democratic,"Massachusetts Senate, Massachusetts House of Representatives","Wentworth Institute of Technology
 Boston College Law School",2001*,Boston,1955
Massachusetts 9,"Keating, BillBill Keating",,Democratic,"Massachusetts House of Representatives, Massachusetts Senate, Norfolk County District Attorney","Boston College
 Suffolk University Law School",2011,Bourne,1952
Michigan 1,"Bergman, JackJack Bergman",,Republican,U.S. Marine Corps Lieutenant General,"Gustavus Adolphus College
 University of West Florida
 Command and General Staff College
 Syracuse University",2017,Watersmeet,1947
Michigan 2,"Huizenga, BillBill Huizenga",,Republican,Michigan House of Representatives,Calvin College,2011,Zeeland,1969
Michigan 3,"Amash, JustinJustin Amash",,Republican,Michigan House of Representatives,"University of Michigan
 University of Michigan Law School",2011,Cascade Township,1980
Michigan 4,"Moolenaar, JohnJohn Moolenaar",,Republican,"Michigan Senate, Michigan House of Representatives","Hope College
 Harvard University",2015,Midland,1961
Michigan 5,"Kildee, DanDan Kildee",,Democratic,Genessee County Treasurer,Central Michigan University,2013,Flint Township,1958
Michigan 6,"Upton, FredFred Upton",,Republican,U.S. government administrator,University of Michigan,1987,St. Joseph,1953
Michigan 7,"Walberg, TimTim Walberg",,Republican,"U.S. House, Michigan House of Representatives","Taylor University
 Wheaton College",2011,Tipton,1951
Michigan 8,"Bishop, MikeMike Bishop",,Republican,"Michigan Senate Majority Leader, Michigan House of Representatives","University of Michigan
 Detroit College of Law",2015,Rochester Hills,1967
Michigan 9,"Levin, SanderSander Levin",,Democratic,"Michigan Senate, U.S. Government administrator","University of Chicago
 Columbia University
 Harvard Law School",1983,Royal Oak,1931
Michigan 10,"Mitchell, PaulPaul Mitchell",,Republican,Businessman,Michigan State University,2017,Dryden Township,1961
Michigan 11,"Trott, DavidDavid Trott",,Republican,Lawyer,"University of Michigan
 Duke University School of Law",2015,Birmingham,1960
Michigan 12,"Dingell, DebbieDebbie Dingell",,Democratic,"Lobbyist, Wife of John Dingell",Georgetown University,2015,Dearborn,1953
Michigan 13,Vacant,,,,,,,
Michigan 14,"Lawrence, BrendaBrenda Lawrence",,Democratic,Mayor of Southfield,Central Michigan University,2015,Southfield,1954
Minnesota 1,"Walz, TimTim Walz",,Democratic,"Army National Guard Command Sergeant Major, teacher",Chadron State College,2007,Mankato,1964
Minnesota 2,"Lewis, JasonJason Lewis",,Republican,Radio show host,"University of Colorado at Denver
 University of Northern Iowa",2017,Woodbury,1955
Minnesota 3,"Paulsen, ErikErik Paulsen",,Republican,Majority Leader of the Minnesota House of Representatives,St. Olaf College,2009,Eden Prairie,1965
Minnesota 4,"McCollum, BettyBetty McCollum",,Democratic,"North St. Paul City Council, Minnesota House of Representatives",College of St. Catherine,2001,Saint Paul,1954
Minnesota 5,"Ellison, KeithKeith Ellison",,Democratic,Minnesota House of Representatives,"Wayne State University
 University of Minnesota Law School",2007,Minneapolis,1963
Minnesota 6,"Emmer, TomTom Emmer",,Republican,Minnesota House of Representatives,"University of Alaska Fairbanks
 William Mitchell College of Law",2015,Delano,1961
Minnesota 7,"Peterson, CollinCollin Peterson",,Democratic,"Certified Public Accountant, Minnesota Senate",Moorhead State University,1991,Moorhead,1944
Minnesota 8,"Nolan, RickRick Nolan",,Democratic,"Minnesota House of Representatives, U.S. House, businessman","St. John's University
 University of Minnesota
 University of Maryland
 St. Cloud State University",2013,Crosby,1943
Mississippi 1,"Kelly, TrentTrent Kelly",,Republican,"District attorney, Tupelo, city prosecutor, Army National Guard Colonel","University of Mississippi
 U.S. Army War College",2015*,Saltillo,1966
Mississippi 2,"Thompson, BennieBennie Thompson",,Democratic,"alderman, mayor of Bolton, Hinds County Board of Supervisors","Tougaloo College
 Jackson State University",1993*,Bolton,1948
Mississippi 3,"Harper, GreggGregg Harper",,Republican,"Attorney, Rankin County Party Chairman","Mississippi College
 University of Mississippi",2009,Brandon,1956
Mississippi 4,"Palazzo, StevenSteven Palazzo",,Republican,Mississippi House of Representatives,University of Southern Mississippi,2011,Gulfport,1970
Missouri 1,"Clay, WilliamWilliam Clay",,Democratic,"Missouri Senate, Missouri House of Representatives","University of Maryland
 Harvard University",2001,St. Louis,1956
Missouri 2,"Wagner, AnnAnn Wagner",,Republican,U.S. Ambassador to Luxembourg,University of Missouri,2013,Ballwin,1962
Missouri 3,"Luetkemeyer, BlaineBlaine Luetkemeyer",,Republican,"Missouri House of Representatives, State Tourism Director",Lincoln University,2009,St. Elizabeth,1952
Missouri 4,"Hartzler, VickyVicky Hartzler",,Republican,Missouri House of Representatives,"University of Missouri
 Central Missouri State University",2011,Harrisonville,1960
Missouri 5,"Cleaver, EmanuelEmanuel Cleaver",,Democratic,"Mayor of Kansas City, pastor, radio show host","Prairie View A&M University
 St. Paul School of Theology",2005,Kansas City,1944
Missouri 6,"Graves, SamSam Graves",,Republican,Missouri Senate,University of Missouri,2001,Tarkio,1963
Missouri 7,"Long, BillyBilly Long",,Republican,auctioneer,National Auctioneers Association Education Institute,2011,Springfield,1955
Missouri 8,"Smith, Jason T.Jason T. Smith",,Republican,Missouri House of Representatives,University of Missouri,2013*,Salem,1980
Montana At Large,"Gianforte, GregGreg Gianforte",,Republican,business owner,Stevens Institute of Technology,2017*,Bozeman,1961
Nebraska 1,"Fortenberry, JeffJeff Fortenberry",,Republican,"Lincoln city council, businessman","Louisiana State University
 Georgetown University
 Franciscan University of Steubenville",2005,Lincoln,1960
Nebraska 2,"Bacon, DonDon Bacon",,Republican,U.S. Air Force Brigadier General,Northern Illinois University,2017,Papillion,1963
Nebraska 3,"Smith, AdrianAdrian Smith",,Republican,"Gering City Council, Nebraska Legislature",University of Nebraska,2007,Gering,1970
Nevada 1,"Titus, DinaDina Titus",,Democratic,"U.S. House, Nevada Senate","College of William & Mary
 University of Georgia
 Florida State University",2013,Las Vegas,1950
Nevada 2,"Amodei, MarkMark Amodei",,Republican,"Nevada Senate, Nevada Assembly","University of Nevada, Reno
 University of the Pacific",2011*,Las Vegas,1958
Nevada 3,"Rosen, JackyJacky Rosen",,Democratic,software developer,University of Minnesota,2017,Henderson,1957
Nevada 4,"Kihuen, RubenRuben Kihuen",,Democratic,"Nevada Assembly, Nevada Senate","University of Nevada, Las Vegas",2017,Las Vegas,1980
New Hampshire 1,"Shea-Porter, CarolCarol Shea-Porter",,Democratic,U.S. House,University of New Hampshire,2017,Rochester,1952
New Hampshire 2,"McLane Kuster, AnnAnn McLane Kuster",,Democratic,"Attorney, lobbyist","Dartmouth College
 Georgetown University Law Center",2013,Hopkinton,1956
New Jersey 1,"Norcross, DonaldDonald Norcross",,Democratic,"New Jersey Senate, New Jersey General Assembly",Camden County College,2014*,Camden,1958
New Jersey 2,"LoBiondo, FrankFrank LoBiondo",,Republican,New Jersey General Assembly,St. Joseph's University,1995,Bridgeton,1946
New Jersey 3,"MacArthur, TomTom MacArthur",,Republican,Mayor of Randolph,Hofstra University,2015,Toms River,1960
New Jersey 4,"Smith, ChrisChris Smith",,Republican,Retail executive,Trenton State College,1981,Hamilton Township,1953
New Jersey 5,"Gottheimer, JoshJosh Gottheimer",,Democratic,"Lawyer, political aide","University of Pennsylvania
 Harvard Law School",2017,Wyckoff,1975
New Jersey 6,"Pallone, FrankFrank Pallone",,Democratic,"Long Branch city council, New Jersey Senate","Middlebury College
 Tufts University
 Rutgers University",1988*,New Brunswick,1951
New Jersey 7,"Lance, LeonardLeonard Lance",,Republican,"New Jersey Senate, New Jersey General Assembly","Lehigh University
 Vanderbilt University
 Princeton University",2009,Clinton Township,1952
New Jersey 8,"Sires, AlbioAlbio Sires",,Democratic,"Mayor of West New York, Speaker of the New Jersey General Assembly","Saint Peter's College
 Middlebury College",2006*,West New York,1951
New Jersey 9,"Pascrell, BillBill Pascrell",,Democratic,"New Jersey General Assembly, Mayor of Paterson",Fordham University,1997,Paterson,1937
New Jersey 10,"Payne, Jr., DonaldDonald Payne, Jr.",,Democratic,"Newark Municipal Council, Essex County Freeholder",Kean University,2012*,Newark,1958
New Jersey 11,"Frelinghuysen, RodneyRodney Frelinghuysen",,Republican,New Jersey General Assembly,Hobart College,1995,Harding Township,1946
New Jersey 12,"Watson Coleman, BonnieBonnie Watson Coleman",,Democratic,New Jersey General Assembly Majority Leader,Thomas Edison State College,2015,Ewing Township,1945
New Mexico 1,"Lujan Grisham, MichelleMichelle Lujan Grisham",,Democratic,"Bernalillo County Commissioner, New Mexico Secretary of Health, Director of New Mexico Agency on Aging","University of New Mexico
 University of New Mexico School of Law",2013,Albuquerque,1959
New Mexico 2,"Pearce, SteveSteve Pearce",,Republican,"U.S. House, New Mexico House of Representatives","New Mexico State University
 Eastern New Mexico University",2011,Hobbs,1947
New Mexico 3,"Luján, BenBen Luján",,Democratic,New Mexico Public Regulation Commissioner,New Mexico Highlands University,2009,Santa Fe,1972
New York 1,"Zeldin, LeeLee Zeldin",,Republican,New York Senate,"University at Albany, SUNY
 Albany Law School",2015,Shirley,1980
New York 2,"King, PeterPeter King",,Republican,"Hempstead Town Council, Nassau County Comptroller","St. Francis College
 University of Notre Dame",1993,Seaford,1944
New York 3,"Suozzi, ThomasThomas Suozzi",,Democratic,"County Executive of Nassau County, Mayor of Glen Cove, New York","Boston College
 Fordham University School of Law",2017,Glen Cove,1962
New York 4,"Rice, KathleenKathleen Rice",,Democratic,Nassau County District Attorney,"Catholic University
 Touro Law Center",2015,Garden City,1965
New York 5,"Meeks, GregoryGregory Meeks",,Democratic,New York State Assembly,"Adelphi University
 Howard University",1998*,Jamaica,1953
New York 6,"Meng, GraceGrace Meng",,Democratic,New York State Assembly,"University of Michigan
 Benjamin N. Cardozo School of Law",2013,Flushing,1975
New York 7,"Velázquez, NydiaNydia Velázquez",,Democratic,"Director, Dept. of Puerto Rican Community Affairs","University of Puerto Rico
 New York University",1993,Sunset Park,1953
New York 8,"Jeffries, HakeemHakeem Jeffries",,Democratic,New York State Assembly,"New York University School of Law
 Georgetown University
 Binghamton University",2013,Prospect Heights,1970
New York 9,"Clarke, YvetteYvette Clarke",,Democratic,New York City Council,Oberlin College,2007,Flatbush,1964
New York 10,"Nadler, JerroldJerrold Nadler",,Democratic,New York State Assembly,"Columbia University
 Fordham University",1992*,Chelsea,1947
New York 11,"Donovan, DanielDaniel Donovan",,Republican,Richmond County District Attorney,"St. John's University
 Fordham University",2015*,Great Kills,1956
New York 12,"Maloney, CarolynCarolyn Maloney",,Democratic,New York City Council,Greensboro College,1993,East Harlem,1946
New York 13,"Espaillat, AdrianoAdriano Espaillat",,Democratic,"New York State Senate, New York State Assembly",Queens College,2017,Inwood,1954
New York 14,"Crowley, JosephJoseph Crowley",,Democratic,New York State Assembly,Queens College,1999,Throggs Neck,1962
New York 15,"Serrano, JoséJosé Serrano",,Democratic,New York State Assembly,Lehman College,1990*,Concourse,1943
New York 16,"Engel, EliotEliot Engel",,Democratic,"high school teacher, New York State Assembly","Lehman College
 New York Law School",1989,Riverdale,1947
New York 17,"Lowey, NitaNita Lowey",,Democratic,New York Assistant Secretary of State,Mount Holyoke College,1989,Harrison,1937
New York 18,"Maloney, Sean PatrickSean Patrick Maloney",,Democratic,Attorney,University of Virginia,2013,Carmel,1966
New York 19,"Faso, JohnJohn Faso",,Republican,New York State Assembly,"State University of New York at Brockport
 Georgetown University",2017,Kinderhook,1952
New York 20,"Tonko, PaulPaul Tonko",,Democratic,New York State Assembly,Clarkson University,2009,Amsterdam,1949
New York 21,"Stefanik, EliseElise Stefanik",,Republican,"Civil servant, Political activist",Harvard University,2015,Willsboro,1984
New York 22,"Tenney, ClaudiaClaudia Tenney",,Republican,New York State Assembly,"Colgate University
 University of Cincinnati College of Law",2017,New Hartford,1961
New York 23,"Reed, TomTom Reed",,Republican,Mayor of Corning,"Alfred University
 Ohio Northern University, Pettit College of Law",2010*,Corning,1971
New York 24,"Katko, JohnJohn Katko",,Republican,"Attorney, Prosecutor U.S. Attorney's Office","Niagara University
 Syracuse University College of Law",2015,Camillus,1962
New York 25,"Slaughter, LouiseLouise Slaughter",,Democratic,"Monroe County Legislature, New York State Assembly",University of Kentucky,1987,Fairport,1929
New York 26,"Higgins, BrianBrian Higgins",,Democratic,"Buffalo Common Council, New York State Assembly","University at Buffalo
 Harvard University",2005,Buffalo,1959
New York 27,"Collins, ChrisChris Collins",,Republican,Erie County Executive,"North Carolina State University
 University of Alabama at Birmingham",2013,Clarence,1950
North Carolina 1,"Butterfield, G. K.G. K. Butterfield",,Democratic,North Carolina Supreme Court Justice,North Carolina Central University,2004*,Wilson,1947
North Carolina 2,"Holding, GeorgeGeorge Holding",,Republican,U.S. Attorney for Eastern North Carolina,"Wake Forest University
 Wake Forest University School of Law",2013,Raleigh,1968
North Carolina 3,"Jones, WalterWalter Jones",,Republican,North Carolina House of Representatives,Atlantic Christian College,1995,Farmville,1943
North Carolina 4,"Price, DavidDavid Price",,Democratic,college professor,"Mars Hill College
 University of North Carolina at Chapel Hill
 Yale University",1997,Chapel Hill,1940
North Carolina 5,"Foxx, VirginiaVirginia Foxx",,Republican,North Carolina Senate,"University of North Carolina at Chapel Hill
 University of North Carolina at Greensboro",2005,Banner Elk,1943
North Carolina 6,"Walker, MarkMark Walker",,Republican,Southern Baptist pastor,Piedmont International University,2015,Greensboro,1969
North Carolina 7,"Rouzer, DavidDavid Rouzer",,Republican,North Carolina Senate,North Carolina State University,2015,McGee Crossroads,1972
North Carolina 8,"Hudson, RichardRichard Hudson",,Republican,Businessman,University of North Carolina at Charlotte,2013,Concord,1971
North Carolina 9,"Pittenger, RobertRobert Pittenger",,Republican,North Carolina Senate,University of Texas,2013,Charlotte,1948
North Carolina 10,"McHenry, PatrickPatrick McHenry",,Republican,North Carolina House of Representatives,"North Carolina State University
 Belmont Abbey College",2005,Cherryville,1975
North Carolina 11,"Meadows, MarkMark Meadows",,Republican,Businessman,University of South Florida,2013,Cashiers,1959
North Carolina 12,"Adams, AlmaAlma Adams",,Democratic,North Carolina House of Representatives,"North Carolina A&T State University
 Ohio State University",2014*,Charlotte,1946
North Carolina 13,"Budd, TedTed Budd",,Republican,Businessman,"Wake Forest University
 Appalachian State University",2017,Advance,1971
North Dakota At Large,"Cramer, KevinKevin Cramer",,Republican,North Dakota Public Service Commissioner,"Concordia College
 University of Mary",2013,Bismark,1961
Ohio 1,"Chabot, SteveSteve Chabot",,Republican,"Cincinnati City Council, Hamilton County Commissioner, U.S. House","College of William & Mary
 Northern Kentucky University",2011,Cincinnati,1953
Ohio 2,"Wenstrup, BradBrad Wenstrup",,Republican,Physician,University of Cincinnati,2013,Cincinnati,1958
Ohio 3,"Beatty, JoyceJoyce Beatty",,Democratic,Ohio House of Representatives,"Central State University
 Wright State University
 University of Cincinnati",2013,Columbus,1950
Ohio 4,"Jordan, JimJim Jordan",,Republican,"Ohio Senate, Ohio House of Representatives",University of Wisconsin–Madison,2007,Lima,1964
Ohio 5,"Latta, BobBob Latta",,Republican,"Wood County Commissioner, Ohio House of Representatives, Ohio Senate","Bowling Green State University
 University of Toledo",2007,Bowling Green,1956
Ohio 6,"Johnson, BillBill Johnson",,Republican,United States Air Force,Troy University,2011,Marietta,1954
Ohio 7,"Gibbs, BobBob Gibbs",,Republican,"Ohio Senate, Ohio House of Representatives",Ohio State University Agricultural Technical Institute,2011,"Washington Township, Holmes County",1954
Ohio 8,"Davidson, WarrenWarren Davidson",,Republican,Businessman,"United States Military Academy
 University of Notre Dame",2016*,Troy,1970
Ohio 9,"Kaptur, MarcyMarcy Kaptur",,Democratic,"Domestic Policy Advisor, Carter Adm.","University of Wisconsin
 University of Michigan
 Massachusetts Institute of Technology",1983,Toledo,1946
Ohio 10,"Turner, MikeMike Turner",,Republican,Mayor of Dayton,"Ohio Northern University
 Case Western Reserve University
 University of Dayton",2003,Dayton,1960
Ohio 11,"Fudge, MarciaMarcia Fudge",,Democratic,Mayor of Warrensville Heights,"Ohio State University
 Cleveland-Marshall College of Law",2008*,Cleveland,1952
Ohio 12,"Tiberi, PatPat Tiberi",,Republican,Ohio House of Representatives,"Ohio State University
 Capital University",2001,Mansfield,1962
Ohio 13,"Ryan, TimTim Ryan",,Democratic,Ohio Senate,"Bowling Green State University
 University of New Hampshire School of Law",2003,Niles,1973
Ohio 14,"Joyce, DavidDavid Joyce",,Republican,Geauga County Prosecutor,University of Dayton,2013,Richmond Heights,1957
Ohio 15,"Stivers, SteveSteve Stivers",,Republican,Ohio Senate,Ohio State University,2011,Columbus,1965
Ohio 16,"Renacci, JimJim Renacci",,Republican,"businessman, Mayor of Wadsworth",Indiana University of Pennsylvania,2011,Wadsworth,1958
Oklahoma 1,"Bridenstine, JimJim Bridenstine",,Republican,Museum director,"Rice University
 Samuel Curtis Johnson Graduate School of Management",2013,Tulsa,1975
Oklahoma 2,"Mullin, MarkwayneMarkwayne Mullin",,Republican,Businessman,Missouri Valley College,2013,Westville,1977
Oklahoma 3,"Lucas, FrankFrank Lucas",,Republican,Oklahoma House of Representatives,Oklahoma State University,1994*,Enid,1960
Oklahoma 4,"Cole, TomTom Cole",,Republican,"Oklahoma Senate, Oklahoma Secretary of State, college professor","Grinnell College
 Yale University
 University of Oklahoma",2003,Moore,1949
Oklahoma 5,"Russell, SteveSteve Russell",,Republican,"Oklahoma Senate, U. S. Army Lieutenant Colonel",Ouachita Baptist University,2015,Oklahoma City,1963
Oregon 1,"Bonamici, SuzanneSuzanne Bonamici",,Democratic,"Oregon House of Representatives, Oregon State Senate","Lane Community College
 University of Oregon",2012*,Beaverton,1954
Oregon 2,"Walden, GregGreg Walden",,Republican,"Oregon House of Representatives, Oregon State Senate",University of Oregon,1999,Hood River,1957
Oregon 3,"Blumenauer, EarlEarl Blumenauer",,Democratic,"Oregon House of Representatives, Multnomah County Commissioner, Portland City Commissioner",Lewis & Clark College,1996*,Portland,1948
Oregon 4,"DeFazio, PeterPeter DeFazio",,Democratic,Lane County Commissioner,"Tufts University
 University of Oregon
 University of Notre Dame",1987,Springfield,1947
Oregon 5,"Schrader, KurtKurt Schrader",,Democratic,"Veterinarian, Oregon State Senate","Cornell University
 University of Illinois",2009,Canby,1951
Pennsylvania 1,"Brady, BobBob Brady",,Democratic,Congressional aide; Pennsylvania Turnpike Commission,St. Thomas More High School,1998*,Philadelphia,1945
Pennsylvania 2,"Evans, DwightDwight Evans",,Democratic,Pennsylvania House of Representatives,La Salle University,2016*,Philadelphia,1954
Pennsylvania 3,"Kelly, MikeMike Kelly",,Republican,businessman,University of Notre Dame,2011,Butler,1948
Pennsylvania 4,"Perry, ScottScott Perry",,Republican,Pennsylvania House of Representatives,Pennsylvania State University,2013,Harrisburg,1962
Pennsylvania 5,"Thompson, GlennGlenn Thompson",,Republican,Centre County Party Chairman,"Penn State University
 Temple University",2009,Oil City,1959
Pennsylvania 6,"Costello, RyanRyan Costello",,Republican,"Chester County Board of Commissioners, Chester County Recorder of Deeds","Ursinus College
 Villanova University School of Law",2015,West Chester,1976
Pennsylvania 7,"Meehan, PatPat Meehan",,Republican,"Delaware County District Attorney, U.S. Attorney for the Eastern District of Pennsylvania","Bowdoin College
 Temple Law School",2011,Drexel Hill,1955
Pennsylvania 8,"Fitzpatrick, BrianBrian Fitzpatrick",,Republican,FBI operative,"La Salle University
 Pennsylvania State University
 Dickinson School of Law",2017,Levittown,1973
Pennsylvania 9,"Shuster, BillBill Shuster",,Republican,Businessman,"Dickinson College
 American University",2001*,Altoona,1961
Pennsylvania 10,"Marino, TomTom Marino",,Republican,"Lycoming County District Attorney, U.S. Attorney for the Middle District of Pennsylvania","Lycoming College
 Dickinson School of Law",2011,Williamsport,1952
Pennsylvania 11,"Barletta, LouLou Barletta",,Republican,Mayor of Hazleton,"Luzerne County Community College
 Bloomsburg University of Pennsylvania",2011,Hazleton,1956
Pennsylvania 12,"Rothfus, KeithKeith Rothfus",,Republican,Attorney,"SUNY Buffalo
 University of Notre Dame",2013,Oakmont,1962
Pennsylvania 13,"Boyle, Brendan F.Brendan F. Boyle",,Democratic,Pennsylvania House of Representatives,"University of Notre Dame
 Harvard University",2015,Philadelphia,1977
Pennsylvania 14,"Doyle, MichaelMichael Doyle",,Democratic,State Senator Chief of Staff,Penn State University,1995,Pittsburgh,1953
Pennsylvania 15,"Dent, CharlieCharlie Dent",,Republican,"Pennsylvania State Senate, Pennsylvania House of Representatives","Penn State University
 Lehigh University",2005,Allentown,1960
Pennsylvania 16,"Smucker, LloydLloyd Smucker",,Republican,Pennsylvania Senate,"Lebanon Valley College, Franklin & Marshall College",2017,West Lampeter Township,1964
Pennsylvania 17,"Cartwright, MattMatt Cartwright",,Democratic,Attorney,"Hamilton College
 University of Pennsylvania Law School",2013,Moosic,1961
Pennsylvania 18,Vacant,,,,,,,
Rhode Island 1,"Cicilline, DavidDavid Cicilline",,Democratic,"Mayor of Providence, Rhode Island House of Representatives","Brown University
 Georgetown University Law Center",2011,Providence,1961
Rhode Island 2,"Langevin, JimJim Langevin",,Democratic,"Secretary of State of Rhode Island, Rhode Island House of Representatives","Rhode Island College
 Harvard University",2001,Warwick,1964
South Carolina 1,"Sanford, MarkMark Sanford",,Republican,"U.S. House (1995-2001), Governor of South Carolina","Furman University
 University of Virginia",2013*,Charleston,1960
South Carolina 2,"Wilson, JoeJoe Wilson",,Republican,South Carolina Senate,"Washington and Lee University
 University of South Carolina School of Law",2001*,"Columbia suburbs, West Columbia",1947
South Carolina 3,"Duncan, JeffJeff Duncan",,Republican,South Carolina House of Representatives,Clemson University,2011,Laurens,1966
South Carolina 4,"Gowdy, TreyTrey Gowdy",,Republican,7th Circuit Solicitor,"Baylor University
 University of South Carolina School of Law",2011,Greenville,1964
South Carolina 5,"Norman, RalphRalph Norman",,Republican,"Real estate developer, South Carolina House of Representatives",Presbyterian College,2017*,Rock Hill,1953
South Carolina 6,"Clyburn, JimJim Clyburn",,Democratic,"Political aide, teacher",South Carolina State University,1993,Columbia,1940
South Carolina 7,"Rice, TomTom Rice",,Republican,"Attorney, businessman, chairman of the Horry County Council",University of South Carolina,2013,Myrtle Beach,1957
South Dakota At Large,"Noem, KristiKristi Noem",,Republican,South Dakota House of Representatives,South Dakota State University,2011,Castlewood,1971
Tennessee 1,"Roe, PhilPhil Roe",,Republican,"OB/GYN, Mayor of Johnson City","Austin Peay State University
 University of Tennessee",2009,Johnson City,1945
Tennessee 2,"Duncan, JimmyJimmy Duncan",,Republican,state court judge,"University of Tennessee
 George Washington University",1988*,Knoxville,1947
Tennessee 3,"Fleischmann, ChuckChuck Fleischmann",,Republican,attorney,"University of Illinois
 University of Tennessee College of Law",2011,Ooltewah,1962
Tennessee 4,"DesJarlais, ScottScott DesJarlais",,Republican,Physician,"University of South Dakota
 University of South Dakota School of Medicine",2011,South Pittsburg,1964
Tennessee 5,"Cooper, JimJim Cooper",,Democratic,"U.S. House, college professor","University of North Carolina
 Oriel College
 Harvard Law School",2003,Nashville,1954
Tennessee 6,"Black, DianeDiane Black",,Republican,"Tennessee House of Representatives, Tennessee Senate",Belmont University,2011,Gallatin,1951
Tennessee 7,"Blackburn, MarshaMarsha Blackburn",,Republican,Tennessee Senate,Mississippi State University,2003,Brentwood,1952
Tennessee 8,"Kustoff, DavidDavid Kustoff",,Republican,Attorney for the United States District Court for the Western District of Tennessee,University of Memphis,2017,Memphis,1966
Tennessee 9,"Cohen, SteveSteve Cohen",,Democratic,"Tennessee Senate, Attorney","Vanderbilt University
 University of Memphis",2007,Memphis,1949
Texas 1,"Gohmert, LouieLouie Gohmert",,Republican,Texas appeals court judge,"Texas A&M University
 Baylor University",2005,Tyler,1953
Texas 2,"Poe, TedTed Poe",,Republican,Texas state district judge,"Abilene Christian University
 University of Houston Law Center",2005,Humble,1948
Texas 3,"Johnson, SamSam Johnson",,Republican,"Texas House of Representatives, Colonel United States Air Force",Southern Methodist University,1991*,Plano,1930
Texas 4,"Ratcliffe, JohnJohn Ratcliffe",,Republican,"Mayor of Heath, U.S. Attorney for Eastern District of Texas","University of Notre Dame
 Dedman School of Law",2015,Heath,1965
Texas 5,"Hensarling, JebJeb Hensarling",,Republican,energy executive,"Texas A&M University
 University of Texas at Austin",2003,Dallas,1957
Texas 6,"Barton, JoeJoe Barton",,Republican,oil industry consultant,"Texas A&M University
 Purdue University",1985,Arlington,1949
Texas 7,"Culberson, JohnJohn Culberson",,Republican,Texas House of Representatives,"Southern Methodist University
 South Texas College of Law",2001,Houston,1956
Texas 8,"Brady, KevinKevin Brady",,Republican,Texas House of Representatives,University of South Dakota,1997,The Wodlands,1955
Texas 9,"Green, AlAl Green",,Democratic,"Harris County Justice of the Peace, Houston NAACP president","Florida A&M University
 Tuskeegee Institute
 Texas Southern University",2005,Houston,1947
Texas 10,"McCaul, MichaelMichael McCaul",,Republican,"Attorney, federal prosecutor","Trinity University
 St. Mary's University
 Kennedy School of Government (attended)",2005,West Lake Hills,1962
Texas 11,"Conaway, MikeMike Conaway",,Republican,oil exploration executive,Texas A&M University–Commerce,2005,Midland,1948
Texas 12,"Granger, KayKay Granger",,Republican,Mayor of Fort Worth,Texas Wesleyan University,1997,Fort Worth,1943
Texas 13,"Thornberry, MacMac Thornberry",,Republican,"Rancher, attorney","Texas Tech University
 University of Texas Law School",1995,Clarendon,1958
Texas 14,"Weber, RandyRandy Weber",,Republican,"Texas House of Representatives, Pearland City Council",University of Houston–Clear Lake,2013,Alvin,1953
Texas 15,"González, VicenteVicente González",,Democratic,"food processing executive, Texas State Board of Education","University of Texas at Austin
 University of Texas-Pan American",2017,McAllen,1967
Texas 16,"O'Rourke, BetoBeto O'Rourke",,Democratic,El Paso City Councilman,Columbia University,2013,El Paso,1972
Texas 17,"Flores, BillBill Flores",,Republican,businessman,"Texas A&M University
 Houston Baptist University",2011,Bryan,1954
Texas 18,"Jackson Lee, SheilaSheila Jackson Lee",,Democratic,"Houston City Council, municipal judge","Yale University
 University of Virginia Law School",1995,Houston,1950
Texas 19,"Arrington, JodeyJodey Arrington",,Republican,"Educator, public administrator, White House aide","Texas Tech University
 McDonough School of Business",2017,Lubbock,1972
Texas 20,"Castro, JoaquínJoaquín Castro",,Democratic,Texas House of Representatives,"Stanford University
 Harvard Law School",2013,San Antonio,1974
Texas 21,"Smith, LamarLamar Smith",,Republican,"Bexar County Commissioner, Texas House of Representatives","Yale University
 Southern Methodist University School of Law",1987,San Antonio,1947
Texas 22,"Olson, PetePete Olson",,Republican,Congressional aide,"Rice University
 University of Texas at Austin",2009,Sugar Land,1962
Texas 23,"Hurd, WillWill Hurd",,Republican,"Corporate adviser, former CIA operative",Texas A&M University,2015,Helotes,1977
Texas 24,"Marchant, KennyKenny Marchant",,Republican,"Mayor of Carrolton, Texas House of Representatives",Southern Nazarene University,2005,Coppell,1951
Texas 25,"Williams, RogerRoger Williams",,Republican,Secretary of State of Texas,Texas Christian University,2013,Weatherford,1949
Texas 26,"Burgess, MichaelMichael Burgess",,Republican,Physician,"University of North Texas
 University of Texas Health Science Center at Houston",2003,Lewisville,1950
Texas 27,"Farenthold, BlakeBlake Farenthold",,Republican,attorney,"University of Texas at Austin
 St. Mary's University School of Law",2011,Corpus Christi,1961
Texas 28,"Cuellar, HenryHenry Cuellar",,Democratic,"Texas House of Representatives, Texas Secretary of State","Edmund A. Walsh School of Foreign Service
 University of Texas at Austin",2005,Laredo,1955
Texas 29,"Green, GeneGene Green",,Democratic,"Texas House of Representatives, Texas Senate",University of Houston,1993,Houston,1947
Texas 30,"Johnson, EddieEddie Johnson",,Democratic,"Texas Senate, nurse","Saint Mary's College-Indiana
 Texas Christian University
 Southern Methodist University",1993,Dallas,1935
Texas 31,"Carter, JohnJohn Carter",,Republican,Texas state district judge,"Texas Tech University
 University of Texas at Austin",2003,Round Rock,1941
Texas 32,"Sessions, PetePete Sessions",,Republican,marketing executive,Southwestern University,1997,Dallas,1955
Texas 33,"Veasey, MarcMarc Veasey",,Democratic,Texas House of Representatives,Texas Wesleyan University,2013,Fort Worth,1971
Texas 34,"Vela Jr., FilemonFilemon Vela Jr.",,Democratic,Attorney,"Georgetown University
 University of Texas School of Law",2013,Brownsville,1963
Texas 35,"Doggett, LloydLloyd Doggett",,Democratic,"Texas Senate, Texas Supreme Court justice, college professor",University of Texas at Austin,1995,Austin,1946
Texas 36,"Babin, BrianBrian Babin",,Republican,"Lower Neches Valley Authority, Texas Historical Commission, Mayor of Woodville","Lamar University
 University of Texas Dental School",2015,Woodville,1948
Utah 1,"Bishop, RobRob Bishop",,Republican,"Speaker of the Utah House of Representatives, Chairman of the Utah Republican Party",University of Utah,2003,Brigham City,1951
Utah 2,"Stewart, ChrisChris Stewart",,Republican,"Author, businessman",Utah State University,2013,Farmington,1960
Utah 3,"Curtis, JohnJohn Curtis",,Republican,Mayor of Provo,Brigham Young University,2017*,Provo,1960
Utah 4,"Love, MiaMia Love",,Republican,Mayor of Saratoga Springs,University of Hartford,2015,Saratoga Springs,1975
Vermont At Large,"Welch, PeterPeter Welch",,Democratic,Vermont Senate President Pro Tempore,"College of the Holy Cross
 University of California, Berkeley",2007,Norwich,1947
Virginia 1,"Wittman, RobRob Wittman",,Republican,"Mayor of Montross, Westmoreland County Board of Supervisors, Virginia House of Delegates","Virginia Tech
 University of North Carolina
 Virginia Commonwealth University",2007*,Montross,1959
Virginia 2,"Taylor, ScottScott Taylor",,Republican,Virginia House of Delegates,Harvard University Extension School,2017,Virginia Beach,1979
Virginia 3,"Scott, RobertRobert Scott",,Democratic,"Virginia Senate, Virginia House of Delegates","Harvard University
 Boston College Law School",1993,Newport News,1947
Virginia 4,"McEachin, DonaldDonald McEachin",,Democratic,"Virginia Senate, Virginia House of Delegates","American University
 University of Virginia School of Law
 Virginia Union University",2017,Henrico County,1961
Virginia 5,"Garrett Jr., TomTom Garrett Jr.",,Republican,Virginia Senate,University of Richmond,2017,Buckingham County,1972
Virginia 6,"Goodlatte, BobBob Goodlatte",,Republican,Private legal practice,"Bates College
 Washington and Lee University",1993,Roanoke,1952
Virginia 7,"Brat, DaveDave Brat",,Republican,Economics professor at Randolph–Macon College,"Hope College
 Princeton Theological Seminary
 American University",2014*,Glen Allen,1964
Virginia 8,"Beyer, DonDon Beyer",,Democratic,"U.S. Ambassador to Switzerland and Liechtenstein, Lieutenant Governor of Virginia",Williams College,2015,Alexandria,1950
Virginia 9,"Griffith, MorganMorgan Griffith",,Republican,Majority Leader of the Virginia House of Delegates,"Emory and Henry College
 Washington and Lee University",2011,Salem,1958
Virginia 10,"Comstock, BarbaraBarbara Comstock",,Republican,Virginia House of Delegates,"Middlebury College
 Georgetown University Law Center",2015,McLean,1959
Virginia 11,"Connolly, GerryGerry Connolly",,Democratic,Chairman of the Fairfax County Board of Supervisors,"Maryknoll College (Illinois) (closed)
 Harvard University",2009,Fairfax,1950
Washington 1,"DelBene, SuzanSuzan DelBene",,Democratic,Washington Department of Revenue Director,"Reed College
 University of Washington",2012*,Medina,1962
Washington 2,"Larsen, RickRick Larsen",,Democratic,Snohomish County Council,"Pacific Lutheran University
 University of Minnesota",2001,Lake Stevens,1965
Washington 3,"Herrera Beutler, JaimeJaime Herrera Beutler",,Republican,Washington House of Representatives,University of Washington,2011,Camas,1978
Washington 4,"Newhouse, DanDan Newhouse",,Republican,Washington House of Representatives,Washington State University,2015,Sunnyside,1955
Washington 5,"McMorris Rodgers, CathyCathy McMorris Rodgers",,Republican,Washington House of Representatives,"Pensacola Christian College
 University of Washington",2005,Colville,1969
Washington 6,"Kilmer, DerekDerek Kilmer",,Democratic,Washington State Senate,"Princeton University
 University of Oxford",2013,Artondale,1974
Washington 7,"Jayapal, PramilaPramila Jayapal",,Democratic,Washington State Senate,"Georgetown University
 Northwestern University",2017,Seattle,1965
Washington 8,"Reichert, DaveDave Reichert",,Republican,King County Sheriff,Concordia College,2005,Auburn,1950
Washington 9,"Smith, AdamAdam Smith",,Democratic,Washington State Senate,"Fordham University
 University of Washington",1997,Bellevue,1965
Washington 10,"Heck, DennisDennis Heck",,Democratic,Washington House of Representatives,The Evergreen State College,2013,Olympia,1952
West Virginia 1,"McKinley, DavidDavid McKinley",,Republican,"West Virginia House of Delegates, businessman",Purdue University,2011,Wheeling,1947
West Virginia 2,"Mooney, AlexAlex Mooney",,Republican,Maryland Senate,Dartmouth College,2015,Charles Town,1971
West Virginia 3,"Jenkins, EvanEvan Jenkins",,Republican,"West Virginia Senate, West Virginia House of Delegates","University of Florida
 Cumberland School of Law",2015,Huntington,1960
Wisconsin 1,"Ryan, PaulPaul Ryan",,Republican,Legislative Director,Miami University,1999,Janesville,1970
Wisconsin 2,"Pocan, MarkMark Pocan",,Democratic,Wisconsin State Assembly,University of Wisconsin–Madison,2013,Madison,1964
Wisconsin 3,"Kind, RonRon Kind",,Democratic,County Prosecutor,"London School of Economics
 University of Minnesota",1997,La Crosse,1963
Wisconsin 4,"Moore, GwenGwen Moore",,Democratic,"Wisconsin State Senate, Wisconsin State Assembly",Marquette University,2005,Milwaukee,1951
Wisconsin 5,"Sensenbrenner, JimJim Sensenbrenner",,Republican,"Wisconsin State Senate, Wisconsin State Assembly","Stanford University
 University of Wisconsin",1979,Menomonee Falls,1943
Wisconsin 6,"Grothman, GlennGlenn Grothman",,Republican,"Wisconsin Senate, Wisconsin State Assembly","University of Wisconsin–Madison
 University of Wisconsin Law School",2015,Campbellsport,1955
Wisconsin 7,"Duffy, SeanSean Duffy",,Republican,Ashland County District Attorney,"St. Mary's University
 William Mitchell College of Law",2011,Wausau,1971
Wisconsin 8,"Gallagher, MikeMike Gallagher",,Republican,Political advisor,"Georgetown University
 Princeton University",2017,Green Bay,1984
Wyoming At Large,"Cheney, LizLiz Cheney",,Republican,Principal Deputy Assistant Secretary of State For Near Eastern Affairs,"Colorado College
 University of Chicago Law School",2017,Jackson,1966
